epoch,global_step,train_loss,train_perplexity,val_loss,val_perplexity,learning_rate,train_target_tokens,val_target_tokens,elapsed_seconds,peak_cuda_MiB
1,123,4.296772501324285,73.4623111564762,2.2023106633270135,9.04589137873889,0.00029999335044065455,759018,95600,6.222987566143274,776.8662109375
2,246,1.9386017145725216,6.94902745027428,1.77303180263631,5.88867963930456,0.0002997321431216822,759018,95600,11.251594472676516,776.8662109375
3,369,1.770316365114406,5.872710988406635,1.7081126116509218,5.518536021685497,0.00029909143171300755,759018,95600,16.167783427983522,776.8662109375
4,492,1.730143635093099,5.6414641624666615,1.6794553110290271,5.3626342077597435,0.0002980730209257728,759018,95600,22.426661521196365,776.8662109375
5,615,1.7069708795402414,5.512238927387024,1.6595243190621731,5.256809685456078,0.0002966797793483475,759018,95600,26.934652123600245,776.8662109375
6,738,1.6901006548562172,5.420026229636738,1.6493282148927824,5.203483030357888,0.000294915631366289,759018,95600,31.808559704571962,776.8662109375
7,861,1.678227541519931,5.356054169202947,1.6357840004126896,5.133481071053485,0.00029278554610840724,759018,95600,36.917310900986195,776.8662109375
8,984,1.6672352409369326,5.297501217241761,1.6245409773184165,5.0760884625896505,0.0002902955234500702,759018,95600,41.77910481020808,776.8662109375
9,1107,1.6575031347813474,5.24619543464442,1.613422246318482,5.019961409474848,0.00028745257711317387,759018,95600,46.92879017069936,776.8662109375
10,1230,1.6486834155077679,5.200128909183825,1.6071341900047398,4.988494645513166,0.00028426471491038,759018,95600,51.67860836163163,776.8662109375
11,1353,1.6387253247679074,5.148602531613138,1.5962738241411154,4.934610896787086,0.0002807409161892692,759018,95600,57.474406860768795,776.8662109375
12,1476,1.6287606903138332,5.0975533550336465,1.5887028982250262,4.897392390317257,0.0002768911065399418,759018,95600,62.940638951957226,776.8662109375
13,1599,1.6206204404233084,5.056226430844324,1.5781073636489933,4.845775835304908,0.00027272612983730865,759018,95600,67.88409685343504,776.8662109375
14,1722,1.6140842033616956,5.023285508370467,1.571025467238167,4.811579782182296,0.00026825771769682205,759018,95600,73.81531769037247,776.8662109375
15,1845,1.6065684143545509,4.985673074974855,1.56788182214713,4.796477633355171,0.00026349845642968065,759018,95600,78.45498901233077,776.8662109375
16,1968,1.6001785185965616,4.953916711720759,1.5587041419121013,4.752658482034085,0.0002584617515905872,759018,95600,84.30995531007648,776.8662109375
17,2091,1.592979868781727,4.91838325002182,1.5510648591747842,4.716489907016868,0.00025316179021791867,759018,95600,88.62441401928663,776.8662109375
18,2214,1.5848134909957257,4.878381431595445,1.5442302087759872,4.684364256244431,0.000247613500872667,759018,95600,94.59898745268583,776.8662109375
19,2337,1.576880238496691,4.839833108875254,1.5349161545502092,4.640936392241218,0.00024183251158871183,759018,95600,99.4883686862886,776.8662109375
20,2460,1.5688184404830896,4.800972206775957,1.5244630336362448,4.592676794120266,0.00023583510585286604,759018,95600,103.88294503465295,776.8662109375
21,2583,1.5619892332562024,4.768297072309583,1.51795116727821,4.56286706045081,0.0002296381767386875,759018,95600,108.40782467648387,776.8662109375
22,2706,1.552987798538498,4.72556815678216,1.5066352263255098,4.511524966137532,0.00022325917932324924,759018,95600,112.8297684751451,776.8662109375
23,2829,1.5438978847246954,4.682807787977314,1.49291654068057,4.450055378380352,0.0002167160815208981,759018,95600,117.94178174808621,776.8662109375
24,2952,1.5343471292584216,4.638296333257857,1.4806577980967246,4.395836302845249,0.00021002731347248817,759018,95600,122.35119782015681,776.8662109375
25,3075,1.5242007285390053,4.591472269570566,1.4653210500294194,4.3289328212359495,0.00020321171563264772,759018,95600,127.01945250853896,776.8662109375
26,3198,1.5138201307839125,4.544056570266974,1.4543214167511114,4.281577073118372,0.0001962884857013023,759018,95600,133.2637719810009,776.8662109375
27,3321,1.5032003143422241,4.49605485940644,1.4436876675274581,4.2362890736062795,0.0001892771245489348,759018,95600,138.5850901082158,776.8662109375
28,3444,1.4944436789954256,4.456856420195919,1.4366174801622973,4.206443347885467,0.00018219738128789548,759018,95600,144.53167781978846,776.8662109375
29,3567,1.487154463841355,4.424487549988144,1.4271781915002288,4.16692432404983,0.00017506919764448184,759018,95600,150.7582426071167,776.8662109375
30,3690,1.4793066135031958,4.389900727489207,1.4212140147955348,4.142146015620957,0.00016791265178847686,759018,95600,156.7843061313033,776.8662109375
31,3813,1.4727492869229963,4.361208888452619,1.4137594770487383,4.111383036149046,0.00016074790177836288,759018,95600,161.1942464672029,776.8662109375
32,3936,1.468339284793806,4.342018294350859,1.4087028777948483,4.090645893651625,0.00015359512878151043,759018,95600,167.16078849881887,776.8662109375
33,4059,1.46114427738065,4.3108895605597235,1.4057484953174033,4.078578395881438,0.00014647448022927581,759018,95600,173.05458718910813,776.8662109375
34,4182,1.4565880658256787,4.2912929128686805,1.4011599565450117,4.0599065517768205,0.0001394060130671234,759018,95600,177.6310644596815,776.8662109375
35,4305,1.450916908812398,4.2670251950304685,1.3968111454792103,4.042289120443794,0.00013240963725962305,759018,95600,182.42097576707602,776.8662109375
36,4428,1.4459749365555643,4.2459896961360295,1.3912985063496992,4.020066747503581,0.00012550505970945235,759018,95600,186.58333560824394,776.8662109375
37,4551,1.4423756499248865,4.230734632331269,1.3870299986516084,4.002943632717476,0.00011871172874836963,759018,95600,190.75624627619982,776.8662109375
38,4674,1.4361947972732119,4.204665731968791,1.3843580276297724,3.992262159976596,0.00011204877935651193,759018,95600,195.25701458752155,776.8662109375
39,4797,1.4323680483831165,4.188606279389813,1.380595266429949,3.9772684573732424,0.00010553497926431892,759018,95600,199.962798923254,776.8662109375
40,4920,1.4282730979164855,4.171489214836354,1.3746346420224242,3.9536319680303675,9.918867608890144e-05,759018,95600,205.90290546417236,776.8662109375
41,5043,1.4238189469454694,4.152950090778728,1.3702550196946914,3.9363544153820684,9.302774565375436e-05,759018,95600,211.8906582929194,776.8662109375
42,5166,1.4208213069747275,4.140519681843595,1.3666943997818057,3.922363476455794,8.706954163738646e-05,759018,95600,216.53848178312182,776.8662109375
43,5289,1.4155895785121366,4.1189141735308805,1.3633228790410892,3.909161414660694,8.133084669269029e-05,759018,95600,221.93717678636312,776.8662109375
44,5412,1.4121441154835508,4.104747027232558,1.3575967394457702,3.8868409766597214,7.582782517473822e-05,759018,95600,228.02587854862213,776.8662109375
45,5535,1.4086253277312346,4.090328676102631,1.3540799882322176,3.873195931116371,7.057597761015573e-05,759018,95600,232.21037189289927,776.8662109375
46,5658,1.40534896361874,4.07694920000617,1.3506975909755818,3.8601173747300583,6.559009703632117e-05,759018,95600,238.13678388670087,776.8662109375
47,5781,1.401921670140316,4.063000215886399,1.3475000536292168,3.847794217640096,6.088422733337099e-05,759018,95600,244.03530614823103,776.8662109375
48,5904,1.3990577047672534,4.051380571029926,1.3435380981956067,3.8325795881761544,5.6471623666379454e-05,759018,95600,249.56995230913162,776.8662109375
49,6027,1.3954844971407545,4.036929979932032,1.34170166015625,3.8255477519735512,5.236471514913524e-05,759018,95600,254.14276271685958,776.8662109375
50,6150,1.3933851710779586,4.028464037107924,1.3362136649287395,3.804610668025225,4.857506983468205e-05,759018,95600,258.8920344635844,776.8662109375
51,6273,1.3894974142113148,4.012832753389384,1.335800960014056,3.80304081047032,4.511336213123495e-05,759018,95600,263.0117669031024,776.8662109375
52,6396,1.3879918716725097,4.006795808556978,1.3331353555463847,3.792916907050858,4.1989342735252526e-05,759018,95600,267.20768469944596,776.8662109375
53,6519,1.3863291062998093,4.000138983134158,1.3305677342115585,3.783190624727613,3.921181116635664e-05,759018,95600,271.78491028398275,776.8662109375
54,6642,1.383369556831471,3.988317875138642,1.328733482201229,3.776257660064751,3.678859098145988e-05,759018,95600,277.7477491684258,776.8662109375
55,6765,1.3814224161906403,3.980559614978432,1.3259447935734832,3.765741523203469,3.4726507737917166e-05,759018,95600,282.43297903612256,776.8662109375
56,6888,1.379878751305758,3.9744197050794963,1.3239638043647033,3.758289013990282,3.303136976777226e-05,759018,95600,288.6515073850751,776.8662109375
57,7011,1.3787188361464666,3.9698123879792204,1.3218957953672528,3.750524869421794,3.17079518172541e-05,759018,95600,294.5767634101212,776.8662109375
58,7134,1.3775023505392,3.9649861044930694,1.3203470627533342,3.7447208048693637,3.075998159760491e-05,759018,95600,300.5289032794535,776.8662109375
59,7257,1.3751770148031732,3.955776892016539,1.318558650954498,3.738029687019058,3.0190129285123677e-05,759018,95600,305.1768230088055,776.8662109375
60,7380,1.37434963187529,3.952505303364502,1.317017104655629,3.732271780370054,2.9999999999999997e-05,759018,95600,311.2431462369859,776.8662109375
